47.9822487,16.7863081
47.9822926,16.7862975
48.190961,16.470141
48.1782019,16.4583065
48.2059835,16.3341515
48.2798954,16.3349314
48.202568,16.45283
48.200132,16.456429
48.195599,16.463072
48.177493,16.490816
48.115139,16.1998984
48.1227274,16.3102585
48.0608855,16.2519221
48.019879,16.245229
48.054718,16.2907286
48.017948,16.230014
48.0738485,16.2803095
48.1978819,16.3518484
48.205332,16.3202636
48.1656095,16.3516984
48.166634,16.3777944
48.2174322,16.3773764
47.7749686,16.1164848
48.1190448,16.2621544
48.6428158,16.4842469
48.2257003,16.4024043
48.227241,16.4039916
48.2280611,16.402937
48.1551916,16.1723968
48.1147032,16.2501297
48.2342508,16.3337239
48.2346834,16.3313617
48.2974076,16.4203829
47.9101027,16.2204352
48.2216669,16.369189
48.3301871,16.0524268
48.3001376,16.3946402
48.3592833,16.2379132
48.3198973,16.2381165
48.3191438,16.2088052
48.1317544,16.4619799
48.1202797,16.2982404
47.9742772,16.5808326
48.041096,16.2783433
48.2444911,16.270237
48.2243762,16.3210481
48.2332673,16.2914579
48.1620369,16.5123721
48.2018603,16.3372584
48.2033384,16.3552689
48.2040401,16.3356944
48.1795231,16.4207997
48.1810296,16.4152756
48.1350046,16.4080649
48.1490008,16.2297051
48.233829,16.4022777
48.1656335,16.3795942
48.1517209,16.3448015
48.5642369,16.3681901
48.2416111,16.3986822
48.2470194,16.3937832
48.2141691,16.4753636
48.18951,16.4662434
48.0217658,16.2777175
47.93387,16.2549352
47.9908404,16.2574686
48.1924497,16.2612871
48.2148575,16.4755198
48.1094394,16.207269
48.1973611,16.3247931
48.0777399,16.2648573
47.762953,16.7796531
48.0854043,16.2830203
48.1607718,16.3240684
47.9296968,16.0487565
48.194238,16.3990437
48.2036878,16.4181466
47.938392,16.112833
48.2382856,16.3972482
48.2282599,16.4093593
48.1918396,16.4643278
48.0852066,16.2804612
48.3068839,16.3543889
48.2458503,16.4185769
48.1730503,16.3286198
48.1506222,16.3409702
47.7772737,16.2988628
48.1929679,16.4387329
48.1906134,16.6428785
48.0836681,16.2823768
48.2141176,16.3047175
47.9517343,16.2801287
48.0809733,16.186125
48.2782268,16.366687
48.222274,16.3063399
48.1666971,16.5084318
48.0590688,16.2156392
48.1924242,16.3022588
48.1983073,16.3909494
48.0915812,16.3017499
48.149233,16.968083
48.147498,16.940632
48.1756019,16.3547146
48.1493798,16.3037292
48.2104638,16.2621667
48.2133335,16.4325952
48.3027763,16.3337809
48.3076053,16.3336828
47.8768136,16.3260935
48.2188145,16.4770775
47.913501,16.16465
48.2227474,16.3109437
48.2144294,16.3715769
47.5156206,16.0223567
48.049277,16.2524619
48.2073427,16.3561334
48.1959993,16.3415116
48.1888872,16.3396797
48.2128406,16.3364082
48.2135783,16.3349419
48.1844074,16.3743796
48.0806109,16.2648014
48.1309704,16.3138362
48.1719487,16.4088665
48.1649143,16.4030107
47.8041955,16.0346645
48.178105,16.3686962
48.1583593,16.3479661
48.2177629,16.2748315
48.1592178,16.3268739
48.0928268,16.1709024
48.3040754,16.4053811
47.9695,16.1976595
48.225645,16.3446684
48.1769832,16.2527263
48.0868358,16.2875359
48.342655,16.292166
48.2035146,16.3320181
48.1587674,16.3193722
47.3478072,16.2244095
48.0983343,16.2131406
48.0355756,16.2643023
48.088411,16.239187
48.2603903,16.3684346
47.6194381,16.6197264
48.083864,16.263099
47.974256,16.610853
48.152332,16.3054487
48.1353229,16.2824213
48.1156854,16.2240848
48.1248746,16.2040513
48.2571503,16.3095984
48.2208008,16.2174016
48.1615916,16.3759732
48.1484919,16.4054461
48.0133664,16.2315831
48.1869695,16.3677384
48.0472755,16.2770764
48.1569807,16.4248081
48.2965074,16.3634623
47.9224187,16.713094
48.0616865,16.3144962
48.0934638,16.7991723
48.2081334,16.3707496
48.1878737,16.3423863
47.4235662,16.2436433
48.211701,16.3766337
48.2330665,16.3927808
48.2583588,16.3533311
48.320119,16.393644
48.2177723,16.2756005
47.1645979,16.4403034
48.2234675,16.3145802
48.3335229,16.0529314
48.3048708,16.3283121
47.9999192,16.8600384
47.9386044,16.840366
48.0674459,16.7873709
48.1769406,16.4626922
48.2410135,16.3205072
48.1649892,16.3060832
48.2211456,16.3536877
47.4259345,16.2031603
47.5249681,16.6446368
47.7132063,16.1819801
48.2203095,16.3130382
48.1224938,16.3434615
48.2061487,16.3615556
47.310128,16.2569905
48.1992175,16.4079351
48.0786657,16.2796265
48.2105664,16.3678287
48.1903442,16.2716747
48.2346508,16.4110862
48.1996437,16.4256757
48.1984337,16.3923175
48.2134609,16.2506373
48.1823788,16.2683917
48.2404468,16.3344369
48.2914396,16.4151748
48.3572015,16.5672106
48.0743924,16.2864703
47.8057754,16.0167268
48.2473299,16.0870683
48.2072498,16.2245039
48.2065895,16.2251261
48.2378821,16.2972886
48.1941456,16.5704154
47.9672704,16.080414
48.2507769,16.3238101
48.0863325,16.2899656
48.2069105,16.2809165
48.2144003,16.2776012
48.2126228,16.2762802
48.1963376,16.2760752
48.1968755,16.2753145
48.2048625,16.2653296
48.4928374,16.4730306
48.4606263,16.4976955
47.7520853,16.5443925
47.9037732,16.5133242
47.5032714,16.5433724
48.6735875,16.1819165
47.9459709,16.7337628
47.8762878,16.3256128
48.1895832,16.3448861
47.7430776,16.4897003
47.952883,16.631891
48.0669197,16.3542296
47.8931905,16.106979
48.245552,16.3185143
48.2027149,16.2319343
48.1052083,17.0473119
48.556046,16.0735238
47.9438293,16.5791591
48.208645,16.4046587
48.2087648,16.4030653
48.2030499,16.3902074
48.2156759,16.3278805
48.2172917,16.3317428
48.2189128,16.3348626
48.2265914,16.3390328
48.220611,16.1619961
48.1690149,16.418619
47.8888193,16.6596448
48.2039271,16.4066035
48.2020397,16.2516314
48.12622,16.2510723
48.0173423,16.2629687
47.7729672,16.4061672
48.1610436,16.0381349
48.181345,16.3300048
48.2180747,16.3725646
48.198309,16.2529805
48.1668435,16.2568355
48.1912405,16.3299854
48.1603038,16.3235671
48.1366303,16.2611543
47.953725,16.7268848
48.1239809,16.4626493
48.1767374,16.3772924
48.0941263,16.6598209
48.0947344,16.6620455
47.7278008,16.5043795
47.8036711,16.7835588
47.782734,16.6689439
48.2158667,16.4569333
48.1942648,16.4945944
47.7070787,16.5168352
48.2679167,16.3285
48.26815,16.32795
47.894948,16.1691657
47.9032342,16.1573935
48.2263337,16.4233657
48.1887487,16.316908
48.1876695,16.347504
48.2448535,16.3377347
48.2459367,16.3306746
48.252013,16.3575105
48.1831782,16.3101591
48.1853193,16.3047038
47.3046148,16.4410582
48.0820662,16.4372921
48.3701377,16.3077079
48.2150722,16.9348311
48.2153718,16.277947
47.712953,16.4662652
48.2027325,16.3391395
48.2024968,16.3910275
47.9491333,16.8440896
48.1961847,16.5471165
48.2367287,16.410642
48.2087237,16.304466
48.148653,16.317272
48.1819151,16.340737
48.2120225,16.3759615
48.2199524,16.2479155
47.985125,16.126228
48.1709214,16.3207578
48.2074422,16.3512538
48.2464338,16.2951099
47.7425604,16.3780887
47.6337197,16.3597864
48.1298553,16.9038682
48.1183085,16.1906303
48.2147856,16.5146555
48.2220763,16.4172617
48.1781034,16.3086386
48.2391701,16.4191654
48.183015,16.482285
48.188511,16.473866
48.2206904,16.9086653
48.2484692,16.4124956
47.7431583,16.489653
47.633842,16.359787
47.599247,16.602991
47.5956873,16.394266
47.9296875,16.2109953
48.2342292,16.3735329
48.23493,16.368286
48.2354418,16.3727327
48.166996,16.2716227
48.2216998,16.4021181
48.3766902,16.2569752
47.7539509,16.6974259
47.7747239,16.3257292
47.7765391,16.3275987
48.1450697,16.2536972
48.2571755,16.3884637
48.2346781,16.3364874
48.2170435,16.3781034
48.1765213,16.4256894
48.2340946,16.3247731
48.2324083,16.3497786
48.2245736,16.3239888
48.2255522,16.3247976
48.1812169,16.2743623
48.0904448,16.3129719
48.2172961,16.3307065
48.2146682,16.3259122
47.9580242,16.3005692
47.9578159,16.3008106
48.0443622,16.2756796
48.3448607,16.2393886
48.5669917,16.0843574
48.2372597,16.3769987
48.2341118,16.461215
48.215385,16.3728078
48.2704539,16.4500317
48.2700686,16.4542481
48.2375865,16.4531354
48.2242529,16.4516268
48.2451861,16.4415521
48.2317662,16.4497441
48.5614445,16.0609694
48.5625043,16.054595
48.5616776,16.065518
48.2427321,16.3860954
48.1936648,16.3689173
48.1990612,16.3703741
48.178734,16.2555502
48.2416009,16.4799827
48.1198282,16.1940197
48.1809782,16.3331256
48.571769,16.0116735
48.1877169,16.403315
48.2369689,16.4862945
48.0908162,16.2657244
48.231647,16.3479849
48.2342617,16.3369056
48.6649687,16.6035605
48.2182976,16.4578218
48.1822598,16.3274527
48.6186584,16.7830089
48.2555413,16.3215392
48.2506861,16.3372075
48.092596,16.2493825
48.2135638,16.3818918
48.0808175,16.3449993
48.199724,16.3938705
47.9844496,16.2079187
48.1815676,16.3034938
48.1818435,16.3040776
48.1822859,16.3016551
48.18315,16.3031768
48.181432,16.3061179
48.1832709,16.3018784
48.18239,16.305214
48.2467637,16.4072878
48.0793414,16.3761369
48.0812484,16.215771
48.2424782,16.2738795
48.3103848,16.3269952
48.2264447,16.3710081
48.2307147,16.3633201
48.2056834,16.3563698
48.3318831,16.0816043
48.3344825,16.3878531
48.2412146,16.3093555
48.1936466,16.2601048
48.1984717,16.2531548
48.202493,16.2561567
48.2036414,16.2560356
48.2077373,16.2447915
48.2100399,16.248176
48.2293853,16.1966321
47.9434492,16.1641189
47.8265615,16.0543711
47.7918702,16.0318164
48.2006964,16.3490548
48.201573,16.3489896
48.1828336,16.3268932
48.192564,16.3684332
48.1920359,16.2954406
48.2072237,16.1773497
48.185832,16.3160707
48.2196855,16.4138843
48.0900134,16.3177402
48.3831201,16.518001
48.4302543,16.4244515
48.2112867,16.3194846
48.1649137,16.2876523
48.1730083,16.2768646
48.1375529,16.2747478
48.1394303,16.2800583
48.1958985,16.2950768
48.2006733,16.3379187
48.1989141,16.3385955
48.1878692,16.3109651
48.1879312,16.3445761
48.1888634,16.318877
48.1889173,16.3183639
48.1903079,16.3211133
48.1912963,16.3152647
47.7591058,16.6478232
48.0840528,16.2841171
48.2686098,16.3830001
48.2700698,16.3839145
48.2502177,16.42908
48.2239333,16.5006804
47.0253091,16.416372
47.762189,16.3314867
48.1923791,16.3639805
48.2452677,16.3912439
48.0916435,16.2945537
47.8146886,16.0005251
48.1986315,16.3654137
48.2843335,16.2935441
48.2557623,16.342655
47.1744178,16.2475886
47.619487,16.619868
48.2317292,16.4189143
48.2318316,16.4180328
48.1645351,16.2727608
48.1988283,16.3511853
48.0713957,16.281283
48.1916952,16.3635879
48.0778338,16.2802867
47.3507044,16.2685544
48.0884795,16.2565223
48.1711267,16.2454326
48.1243455,16.1339134
48.1400823,16.39228
48.251704,16.7011604
48.1738122,16.3787668
48.311057,16.8221083
48.086727,16.2995041
48.2112908,16.3783593
48.0788995,16.2915559
48.1897684,16.3269184
48.2142609,16.3781647
48.1694825,16.3823894
47.8012793,16.6667369
48.2250377,16.4142229
48.022813,16.7814775
48.0481623,17.0350091
47.4462422,16.4053111
47.4064796,16.4187723
48.2157773,16.3797294
48.2179221,16.3798432
47.5552789,16.0499819
48.525014,16.1989941
48.2179852,16.3845993
48.2003212,16.3562038
48.1996391,16.3534704
48.1979743,16.3489739
48.1505737,16.5100136
48.0748555,16.9519727
48.0992505,16.9897118
48.1034236,17.0389918
48.0991901,16.2264701
48.230991,16.298862
48.185893,16.3015542
48.2264322,16.5012818
48.1941642,16.4684467
48.0086001,16.2341416
48.0992966,16.4241532
48.0914239,16.3024088
47.4639457,16.5726484
47.8765503,16.1409952
48.2072477,16.3286869
48.1993189,16.3184198
48.2167737,16.2821527
48.2212905,16.451898
47.8252414,16.02562
47.5730831,16.6332459
48.227026,16.5047218
48.244383,16.4221385
48.1406999,16.3161422
48.2244134,16.5001917
48.2022436,16.3491238
47.727357,16.3801941
47.7486901,16.4369453
48.5663114,16.5350423
47.7159127,16.4322973
47.7235467,16.4226877
48.245528,16.3956436
48.2367926,16.4052477
48.2389864,16.4025558
48.4137729,16.8384948
47.962894,16.3994541
48.3404444,16.7238944
48.2450166,16.3812887
47.8386797,16.4099302
47.8366668,16.3816846
48.2537349,16.4773681
48.3011441,16.380931
48.2526259,16.3580534
47.9310447,16.6678998
48.2510957,16.4974664
48.2719277,16.3828202
48.6600581,16.3465498
48.1828383,16.1660996
48.2294396,16.3715146
48.1099099,16.8586412
46.9483016,16.1123562
47.9691912,16.2230471
48.2389038,16.3420425
47.8191605,16.9112694
48.0936436,16.2738526
47.81599,16.5570804
48.2143545,16.33332
48.2525159,16.4085316
48.084671,16.3092386
48.2435622,16.4150375
48.0674563,16.3526009
48.2976265,16.1976045
48.2180654,16.3932528
48.2781815,16.3998396
48.2539118,16.3667223
47.7352788,16.5077643
48.2023881,16.4856997
48.2256799,16.4940016
48.1473596,16.29489
48.1366319,16.4820716
47.9327535,16.2463125
48.1321865,16.4200844
48.253268,16.4179377
48.0458842,16.2748306
48.0076675,16.2316496
48.1896931,16.3632922
48.1861865,16.3678871
48.1560948,16.4416188
48.1610423,16.4437278
48.1611829,16.4432163
48.1613934,16.4420592
48.1651993,16.4290666
48.1672513,16.4257895
48.1680416,16.4305419
48.1695577,16.4290425
48.17634,16.4139108
48.177406,16.4176693
48.0081647,16.2298818
48.1964873,16.3190835
47.7969834,16.6780564
47.9390076,17.0622607
48.2267781,16.2837662
48.1469041,16.3983536
48.1356173,16.4658109
48.1987485,16.3613326
48.1830062,16.3099444
47.8075734,16.0793473
48.2579413,16.2896143
48.2052192,16.3525371
48.2407796,16.405319
47.8384313,16.0739155
47.9511156,16.285369
48.2445064,16.3802984
48.2496832,16.3477814
48.2248537,16.5001159
48.0845849,16.3210246
48.178731,16.33863
48.2514034,16.3931242
48.1815009,16.3330432
47.9887081,16.7264145
48.1164108,16.2755972
47.9617221,16.1190625
48.1159913,16.1986869
48.1244848,16.4605254
47.9650583,16.2137551
47.8468997,16.5246197
48.2102628,16.2784245
48.3090702,16.323104
47.4282442,16.254572
48.1648423,16.50619
48.1649428,16.5060832
48.2430544,16.3018119
48.3052952,16.3252796
48.303806,16.3212992
48.1986067,16.4437377
48.2400191,16.3786519
48.2980004,16.4726153
48.2145911,16.3677158
48.2547308,16.4027805
48.0011533,16.2515192
48.182268,16.3174615
48.1203572,16.3420501
48.207114,16.3718811
48.2305871,16.2949007
48.4300686,16.4781161
48.1394954,16.4742344
48.1400275,16.6161126
48.2018829,16.335657
48.2194797,16.3943249
48.2698667,16.3835538
48.3504264,16.2724848
48.3071271,16.3240221
48.3098904,16.325237
48.1986103,16.3635528
48.1402369,16.4774434
48.1910159,16.2902107
48.0199252,16.4608797
47.8343679,16.8475294
48.3322509,16.0500418
48.2413781,16.4160379
48.2245,16.4258
48.6610287,16.2234861
48.228954,16.4139362
48.2389965,16.3339674
48.1936084,16.3429852
48.1936966,16.3436987
48.193809,16.3439387
48.1386291,16.4052795
48.2207692,16.4310121
47.7950147,16.2466248
48.1530931,16.2916502
48.2168471,16.3613006
48.09491,16.3022229
48.197896,16.3623048
48.2260965,16.497721
48.2467671,16.3873842
48.2622726,16.4622802
48.2205608,16.3679813
48.1984115,16.3310612
47.7817552,16.3172646
48.2214063,16.4264572
47.7399255,16.3734302
47.9987681,16.2576923
48.6188752,16.3568183
47.9511073,16.8303081
48.4528135,16.6009794
48.2092278,16.3695515
48.2067484,16.3781834
48.2300867,16.4071603
48.2018439,16.335791
48.1047603,16.2652648
48.2047225,16.2986133
47.376894,16.322002
47.3730646,16.3271497
48.0055165,16.2366155
47.937411,16.1007927
48.1524815,16.4564456
48.1459964,16.447707
48.0905599,17.0661344
48.2399101,16.4737199
48.2399661,16.4737231
48.2399374,16.4737944
48.2361684,16.3342793
47.8358578,16.9273804
47.9532426,16.5998432
48.2740297,16.4359674
48.2080178,16.3961616
48.1719725,16.2719073
47.7328723,16.2114869
48.2456776,16.3482296
48.1956803,16.3060274
47.2087681,16.1638779
48.1480073,16.4009147
48.212115,16.3918918
46.8957426,16.0776825
48.206048,16.3874939
48.1465686,16.5161902
48.206082,16.3843217
48.2137446,16.3002053
48.2420613,16.2815983
48.2225448,16.3908184
48.2235102,16.3907402
47.7122949,16.0409334
48.2284302,16.1532109
48.6423903,16.4885949
48.3156441,16.348398
48.2254083,16.4186721
48.3101717,16.3656103
47.991845,16.6579775
48.1911082,16.4208627
48.2179578,16.445735
48.1276854,16.2079375
48.3384468,16.2579965
47.6516599,16.0266669
48.6757532,16.4997309
48.397199,16.2939741
48.2848755,16.108295
48.265793,16.2097789
48.225786,16.5032602
47.7508978,16.4380912
48.2951317,16.3925241
48.3365123,16.1598331
48.2273334,16.3283327
48.3369892,16.2666951
47.8490481,16.5246683
47.7229942,16.1736231
47.9652007,16.2089515
47.9679503,16.2066212
48.2220707,16.3072174
48.2282972,16.3358958
47.4858395,16.1002493
48.0325278,16.9623909
48.0890408,16.3473456
48.6651594,16.6131364
47.7312882,16.1751291
47.9132234,16.1645268
48.1360092,16.2804987
48.1355413,16.2818603
47.9300671,16.2111345
47.8998369,16.2422669
47.8994404,16.2403545
48.1855472,16.3536871
48.2625456,16.3147496
48.2076014,16.3406268
48.2074641,16.3411427
48.1299849,16.3100147
48.1922276,16.4616816
48.3334336,16.1198947
48.3066104,16.3369811
48.3088367,16.3365612
48.2552107,16.4075934
48.1682258,16.3806252
48.2208208,16.3426386
47.8548927,16.5516333
48.2259654,16.3963181
48.2260165,16.3979671
47.7778103,16.3283591
47.7783573,16.3287842
48.2100934,16.2621485
48.1806173,16.3283132
48.1947799,16.3253895
48.1964432,16.3271146
48.4208919,16.2467019
48.2173519,16.2857145
47.8782912,16.4492948
48.1995716,16.373002
48.1802902,16.3504791
48.212034,16.3075693
48.3425483,16.2295948
48.3664312,16.5260191
48.3727195,16.5246268
48.2061471,16.3633744
48.2822299,16.3420943
48.3095889,16.3568774
48.2554734,16.0165158
48.0171344,16.2658138
48.1769536,16.3886436
48.209321,16.3606151
48.2066537,16.3642072
48.2050822,16.3624863
48.0327784,16.2875888
48.2243146,16.4045282
47.9124217,16.1610194
48.2199281,16.3933821
48.2151856,16.3823163
48.1038506,17.0377
48.2145205,16.3601582
48.1787887,16.3385494
48.2383136,16.3847542
48.2251195,16.3560033
48.6716987,16.629797
47.8759592,16.0794343
48.1916622,16.365363
48.1889337,16.3648974
48.189989,16.3615466
47.8169803,16.6556847
48.1855327,16.287155
48.2499873,16.3129191
48.2703481,16.3439227
48.340035,16.2328093
48.3160604,16.0606546
48.178898,16.3300115
48.1779451,16.3300866
47.9460653,16.7534269
48.2953809,16.3890685
48.1983661,16.3620062
48.1973466,16.3510164
47.982281,16.7863741
48.3099077,16.3243666
48.2570155,16.3396767
48.2513244,16.4863841
48.3964982,16.6588011
48.2564056,16.3991679
47.4661048,16.3064489
47.4625256,16.3018217
48.1636677,16.3032598
48.2024942,16.4328726
48.1956545,16.3386294
48.2243275,16.3933787
48.2271006,16.4242452
46.9934809,16.1130216
48.1571197,16.341413
47.9918048,16.2082987
47.9796807,16.1639956
48.0852896,16.2950294
48.2094387,16.3705127
48.2591633,16.392247
48.2207631,16.4574401
48.1592692,16.2910995
48.2259918,16.4248533
48.2338286,16.1443446
48.2309762,16.4112748
48.0163139,16.849053
47.9676808,16.0952969
48.3110715,16.3562352
48.192629,16.4415999
47.9843784,16.8528551
48.4335198,16.478185
47.9638057,16.5189569
47.8793,16.4424247
48.1964399,16.2858698
47.9773229,16.0856623
48.2128694,16.3195541
48.0352845,16.2830392
48.096982,16.9853895
48.3774027,16.3224481
48.5765677,16.3994833
48.3086593,16.4022909
48.150425,16.9442567
47.5120276,16.0354352
48.2011851,16.3450912
47.9597875,16.792345
48.0997293,16.2252188
48.0499991,16.3132409
48.2885636,16.4361985
48.2132289,16.4505416
48.2106436,16.3317882
48.1666398,16.4183551
48.1822349,16.3277799
47.7520633,16.4371278
48.3299289,16.0368933
48.3304498,16.0370003
48.3305816,16.0369973
48.3298861,16.0368723
47.8969102,16.249588
48.1927859,16.3959146
48.185616,16.3744464
48.2079225,16.3210251
47.8687418,16.0544265
48.2355572,16.367744
48.4642865,16.4468699
48.208163,16.3524675
48.1659089,16.3277618
47.1785404,16.1581187
46.9748699,16.1718882
48.1986301,16.3362499
47.478909,16.1098893
47.9982735,16.8577172
48.3056006,16.1538197
48.3063705,16.1478659
48.1917907,16.3920613
48.2263291,16.5061902
48.1831893,16.4176048
47.4775088,16.1106715
48.2257741,16.362587
48.1735793,16.3778318
47.8313621,16.0842066
47.8018344,16.0277798
48.2032424,16.3490565
47.9287618,16.8364831
47.8039899,16.6069159
47.8270087,16.4866527
48.2167237,16.3723501
48.0845473,16.346625
48.3242874,16.1438392
47.7153715,16.1850768
48.1530147,16.2755072
47.71217,16.4939734
47.9497108,16.6630186
48.1795177,16.3842718
48.1689454,16.3080322
48.2095939,16.3385297
48.2268165,16.1170514
48.2277067,16.1525936
48.2162464,16.4255961
48.1521677,16.2867133
48.0384311,16.2513752
48.1594341,16.4758335
48.1599808,16.4717984
48.160143,16.471807
48.1846516,16.3628608
48.3333382,16.0662135
48.6348957,16.4529986
48.2557494,16.4027945
48.2006281,16.3929294
47.8723536,16.3765664
48.2115865,16.4320271
48.2777215,16.4541034
48.2102352,16.3272319
48.2101125,16.3274699
48.2202867,16.4003552
48.3326242,16.3496705
48.1823909,16.4180808
48.2994577,16.3236597
48.3032751,16.3264739
48.2302165,16.4123709
47.94945,16.8416
48.1633701,16.291964
48.1975357,16.3206577
48.197313,16.322807
48.0969433,16.2830968
48.2450766,16.3816985
48.2429586,16.3856758
48.2462339,16.3773257
48.4097458,16.1630533
48.2412248,16.4894159
48.2401852,16.4896627
48.0497743,16.9365587
48.2167624,16.3434507
48.221584,16.4186399
47.6857109,16.0235735
47.9449808,16.1079549
48.3119547,16.2493422
48.2415828,16.4895062
48.0135523,16.2991721
48.2891604,16.4219897
47.8683142,16.2026829
48.3583869,16.6133845
48.2024238,16.4454722
48.1888253,16.339022
48.2139329,16.3986148
48.2540864,16.4040736
48.2107241,16.3240297
48.2006587,16.1764547
48.1955619,16.1699007
47.7139589,16.1787998
48.2251482,16.4964539
48.2475137,16.4383462
48.2471175,16.4383747
48.1930625,16.4672623
48.1872364,16.3737432
48.205237,16.1765144
48.2009169,16.3742815
48.2102218,16.3594101
48.2108645,16.359628
48.2989004,16.557315
48.2876931,16.4474318
48.2869157,16.4451232
48.2860697,16.4437479
48.2869476,16.4500457
48.1910732,16.3476704
48.1922658,16.3466153
48.1424872,16.3904933
48.2630623,16.392175
48.2082451,16.3623697
47.833185,16.807297
48.4509496,16.6041202
48.3865285,16.7387149
48.1416392,16.3166567
48.1434971,16.294677
48.1373404,16.2889384
48.1893776,16.3303931
47.087461,16.301971
47.0134694,16.4570483
47.1690496,16.4188659
48.1678342,16.2875238
47.5250506,16.4768989
48.263414,16.4432636
48.1583552,16.4337578
48.2574554,16.4620961
48.1923685,16.3990233
48.1865784,16.3601328
48.007118,16.2239953
48.4297007,16.3711762
48.0865131,16.2776787
48.2040993,16.3509976
47.701436,16.9049504
47.9409757,16.4683379
48.210723,16.3901158
48.4590803,16.4020541
48.1766312,16.3794977
48.2107586,16.4658031
48.2598279,16.3615272
48.1911355,16.3987376
48.1978528,16.3533064
48.1752037,16.3813143
47.8461591,16.5233149
48.2124634,16.4755688
47.8862539,16.3410083
48.1932706,16.3912885
48.191897,16.339847
48.275989,16.4223734
48.2776461,16.4237537
48.1692631,16.4110686
48.226317,16.392675
48.2163768,16.3945784
48.280894,16.4836759
47.8657469,16.9763007
48.180772,16.3296295
48.1898557,16.3341469
48.2289036,16.393406
48.2419068,16.4146912
48.238406,16.4391729
48.2206085,16.3757776
48.2087916,16.338519
48.1921034,16.3485825
47.9945372,16.2011745
48.2171778,16.386064
48.2091323,16.3345536
48.1735574,16.3401675
48.2163924,16.4589629
48.1919006,16.3746542
48.203181,16.3629878
48.0818132,16.3445846
48.132535,16.4387407
48.2801246,16.4216555
48.1338637,16.2858756
48.2582623,16.3376759
48.1448272,16.3177738
48.1765886,16.3155383
48.2852243,16.388653
48.2252934,16.3829877
48.1972645,16.3853444
48.0024844,16.5637437
48.433112,16.2879713
48.1811984,16.3480268
48.2408219,16.4412882
48.186702,16.3732844
48.2176552,16.4292465
48.0891824,16.3189075
48.1680655,16.3806181
48.2999388,16.4111476
48.1976293,16.3995523
48.2185172,16.312031
48.3105401,16.5966471
48.2396696,16.3774703
48.2359936,16.3902113
47.7111445,16.3444678
47.9675365,16.2126094
48.1456439,16.2470836
47.6170645,16.1259493
47.7767077,16.0541179
47.4618564,16.6417079
48.0239204,16.7754488
48.2406666,16.4742209
47.6136407,16.0909623
47.6140217,16.0880626
47.8257892,16.9081749
48.0236391,16.2323077
48.2205438,16.4001468
48.4162625,16.6330129
48.2031312,16.3810917
48.2182241,16.3342511
48.345408,16.2381718
47.7384133,16.3374732
47.8130317,16.2436917
48.2108474,16.3501796
48.2405002,16.0453497
48.2604661,16.3889477
48.2656526,16.3314549
48.1488443,16.9399694
47.3207439,16.3227549
48.1451558,16.9450767
48.260209,16.3462301
47.9408399,17.0687809
48.2112618,16.3118527
48.1621134,16.4049166
48.1975509,16.3525414
47.7149542,16.1888433
47.9595347,16.5184109
47.9079318,16.7036275
48.173543,16.3377899
48.2208836,16.4852785
48.4337062,16.474693
48.2212523,16.4845473
47.9462466,16.1071155
48.1738347,16.3406725
47.4545651,16.3753647
48.1798367,16.3857339
48.1964846,16.3565647
48.1730719,16.3373157
48.1739658,16.3364558
47.754857,16.1954387
48.5672414,16.576088
47.8686869,16.0547406
48.2301929,16.2982633
48.0927871,16.3022354
48.0933242,16.3071844
48.0941936,16.308557
48.1730318,16.3382258
48.1733584,16.3340492
48.1765478,16.3761655
48.3103383,16.3260927
48.2154372,16.4024318
48.2197189,16.3962017
48.2205684,16.4126542
48.2177814,16.4165387
48.3436796,16.3334321
48.3436693,16.3334492
48.1321424,16.2557525
48.095764,16.3072132
48.1325942,16.2935409
48.1320153,16.2935003
48.1312005,16.2933411
48.1306155,16.2929261
48.2253566,16.5045011
48.1879511,16.2687918
47.1580144,16.1240371
46.8722077,16.0457166
47.909306,16.3916954
48.5403806,16.3424855
48.5273301,16.3640911
48.3302378,16.3540452
48.2125235,16.3288306
48.3947407,16.4979332
48.103956,16.2988804
48.2156054,16.4002127
48.1792022,16.3177919
48.2379042,16.3857652
48.1978426,16.3858295
48.1699867,16.4204029
46.9935441,16.1129402
48.2277401,16.3906918
48.2268117,16.3908573
48.2658169,16.2098492
48.1758067,16.3301634
48.2041697,16.3498123
48.1538782,16.4414349
48.140503,16.2882773
48.1803153,16.3653831
48.093473,16.2744206
48.1900735,16.3936322
47.9742987,16.6030169
48.5697339,16.5737793
48.5612279,16.5809719
48.5816243,16.5691183
48.570438,16.5720132
48.2407882,16.4895737
48.260167,16.3197097
48.0550808,16.1308894
48.1193849,16.2642764
48.20022,16.3552915
48.2045786,16.3688407
48.2049864,16.3689995
48.2049645,16.3476172
48.1995666,16.3897112
48.2259233,16.3177866
48.2262292,16.3179627
47.974904,16.6102488
47.0146462,16.4792797
48.0458988,16.2761774
47.1434753,16.1757494
48.1966476,16.3948845
47.5789696,16.0163276
48.0122317,16.2999853
48.0118997,16.3000386
48.2232111,16.4755759
48.2459024,16.3666047
48.1737189,16.331696
48.2415791,16.3100521
48.2312819,16.3907726
48.2228169,16.3936489
48.394768,16.4978834
47.9538159,16.5995084
48.2738832,16.3993803
48.1746192,16.2655381
48.150038,16.3000729
48.149279,16.3014942
48.2234526,16.3587356
48.2237715,16.6897258
48.121176,16.3435052
48.3296904,16.67958
47.1306016,16.3073566
48.0840546,16.5117191
48.0942331,16.7983518
48.2260313,16.2830343
48.223108,16.2906447
48.1835366,16.1215362
48.1988766,16.370762
47.9133595,16.5137033
48.0254915,16.6461025
47.9214146,16.4237276
48.6756236,16.4903492
48.2406463,16.4739925
48.2250736,16.3858261
48.3325427,16.0529449
48.2128155,16.3116002
46.9205946,16.1336378
48.1885427,16.3816378
48.2150777,16.9381936
48.2508796,16.4026035
48.2516088,16.3996945
48.4842987,16.4551543
48.1794298,16.3456667
48.1800925,16.3453641
48.2159831,16.3533767
47.7161621,16.1857906
48.234093,16.3872754
48.2341977,16.3729254
48.2339015,16.3870282
48.252706,16.4151321
47.8420145,16.5262651
47.8714584,16.0827677
48.0526175,16.2977229
48.1933054,16.374353
48.1929772,16.3744917
48.2257354,16.5043063
48.2322134,16.3484374
48.1204179,16.5579362
48.2249072,16.3443881
48.2238482,16.3365265
48.1708397,16.3783216
47.2893745,16.2121462
48.2244724,16.3787927
48.2237314,16.3810423
48.0043977,16.8578408
48.2615381,16.3993288
48.264427,16.3983595
48.2687893,16.3833194
48.2731419,16.3940097
47.9485325,16.7597349
48.1945337,16.4756083
48.2088107,16.336538
48.2104969,16.3262416
48.2432505,16.3931771
48.2233316,16.3439223
48.1910502,16.3668178
48.0862364,16.2883156
48.2775831,16.3825664
48.2201425,16.3927968
48.2270641,16.3971257
48.2253197,16.3971644
48.2812986,16.0928157
48.1975896,16.3526375
48.197262,16.3524222
47.8057114,16.1433143
48.2743506,16.4057824
48.2749175,16.3972266
48.2743452,16.4057969
48.0098557,16.2054154
47.6982969,16.143234
48.4978754,16.5573274
47.968455,16.2118506
47.9683464,16.211793
48.2241409,16.4670038
48.2477133,16.3070834
48.223126,16.4222163
47.9893171,16.8657712
48.2435542,16.2576036
48.1878579,16.3553407
48.224724,16.3469414
47.945875,16.40686
47.2997854,16.1237684
48.222511,16.3406672
46.9197042,16.1367087
48.145263,16.2822291
48.2355633,16.2868516
48.1993196,16.3719505
48.2575299,16.4283586
47.5366179,16.3933967
48.2054975,16.3937044
48.2302207,16.4620722
48.2313944,16.4607722
47.9894387,16.5163097
48.2973161,16.4130169
47.9907336,16.5160782
48.319617,16.3107056
48.3193111,16.3110978
48.6823033,16.5593053
46.9969271,16.1389072
48.2066183,16.3431353
48.2297315,16.3525255
48.2124124,16.3316096
48.211677,16.3389487
48.1814441,16.3525665
48.3414881,16.3390216
48.1835841,16.1215236
48.6095738,16.5398815
48.2910045,16.1116027
48.2016577,16.3358867
48.2353877,16.3587396
48.1692571,16.3063587
48.198499,16.3338954
47.8978146,16.9077288
47.2083519,16.410031
48.240214,16.3861967
48.2048289,16.3570082
48.342003,16.3304313
48.2105358,16.3253299
47.9616475,16.3999019
48.2193142,16.3800794
48.218568,16.3839135
48.1974308,16.3299842
48.2025473,16.3197444
48.0820142,16.3874842
48.2106726,16.3936402
48.0477592,16.8317543
48.1669632,16.3386443
48.2025787,16.2957717
47.3675291,16.0579436
48.2265291,16.3307192
48.377706,16.2111788
47.0762106,16.2361174
47.0875187,16.1066372
48.5994195,16.7120684
48.2685195,16.4043158
48.5008589,16.7343396
48.5535556,16.783377
48.1931389,16.3751652
48.1532375,16.2225823
47.8678726,16.0582946
48.1765263,16.2949157
47.8041151,16.6467909
47.8024387,16.6486873
47.8040841,16.6458269
47.8035612,16.6467647
48.2253331,16.3595902
48.3950522,16.4916615
48.3948546,16.4915299
48.2196792,16.3397662
48.2192124,16.3327615
48.4924062,16.1096105
48.4486881,16.1755065
47.975787,16.0683697
47.946754,16.1060139
48.1931176,16.3315192
48.3053575,16.4070246
48.1784694,16.2316319
48.2326993,16.3711042
48.4446914,16.5242405
47.8060474,16.3711405
48.1199525,16.5572636
48.216955,16.3980076
47.9390545,16.8396102
48.2119338,16.3595009
48.1865736,16.3644452
48.2296574,16.3894242
48.2143928,16.3835612
48.1299591,16.3100112
48.1847062,16.2819641
48.1918491,16.3057585
48.1935323,16.3376516
48.4717244,16.8533735
48.2291255,16.3313915
48.1958002,16.3109391
48.2229543,16.3651837
47.2974381,16.113154
47.2935282,16.1012197
48.212618,16.3123757
48.1507717,16.3846333
48.1480434,16.3891827
48.1326236,16.1941419
48.1974158,16.401841
48.1980151,16.4035476
48.1984494,16.4036819
48.2262154,16.3444117
47.911189,16.6962006
48.080654,16.223233
48.1359067,16.4832424
48.220247,16.3603923
47.6995243,16.0236709
48.2250642,16.3143946
48.225716,16.3098984
48.0944329,17.0637696
48.0839089,16.3553536
48.0204455,16.2569892
48.1168448,16.7272183
48.1492582,16.2672481
48.202576,16.3185328
48.3647393,16.3946767
48.199527,16.3322647
48.1782047,16.3863129
48.3349091,16.3280413
48.155858,16.3845493
48.1437327,16.3854389
48.1461153,16.3857843
48.1538702,16.3822117
47.7772503,16.0492493
47.7773265,16.0491848
47.9507635,16.7932929
47.9506989,16.7932145
48.2202567,16.480633
48.294142,16.413536
48.3636446,16.4258945
48.2403057,16.3551125
48.18988,16.3056619
48.4630991,16.3067028
48.199502,16.3644932
48.1770903,16.3693263
48.1774928,16.3694912
48.112339,16.3621177
48.3289429,16.0337464
48.2131281,16.5244895
48.668587,16.6291888
48.2442969,16.4375961
48.1973015,16.3029418
48.2082385,16.332564
48.1344493,16.9052091
48.1655901,16.3387927
48.2095275,16.3318627
48.2158654,16.3862288
47.8449717,16.9296973
48.1879239,16.3015988
48.2054629,16.3571788
48.2122961,16.3510557
48.2121349,16.3511655
47.6533774,16.1279067
48.1902819,16.3758823
48.1914703,16.3117304
48.2035109,16.3980164
48.2078418,16.3900179
48.2085799,16.3904829
48.2125353,16.380401
48.2286881,16.3666739
48.1530876,16.835946
48.2268621,16.3899239
48.2220387,16.3732443
48.2290316,16.3696107
48.3086839,16.2577182
48.2023269,16.3260286
48.2124934,16.3157197
48.2120537,16.3109758
48.2191931,16.3206308
48.2172956,16.3197562
48.2193285,16.3156929
48.2200676,16.3178935
48.2213343,16.3169537
47.8045844,16.6461066
48.0633544,16.361448
48.0448122,16.4458907
48.4511137,16.4972229
48.561983,16.0806232
48.5674906,16.1196158
48.585278,16.065573
47.8583815,16.5551268
48.2656646,16.3309296
48.2095446,16.3397625
48.2287114,16.3478687
48.2141497,16.3581181
48.196551,16.3583919
48.192455,16.2994779
47.5145494,16.0291708
48.3278804,16.3634473
48.2606444,16.4209366
48.0822087,16.1860546
47.842322,16.272826
48.1876993,16.3450268
47.8671611,16.369762
48.2241142,16.3617966
48.2200662,16.3643311
48.2188479,16.3852793
48.1902716,16.3181155
48.1887153,16.3234728
48.2086494,16.324474
48.2814381,16.407524
47.8531615,16.8342962
47.8513422,16.822131
47.8516356,16.8223946
47.8524199,16.8230886
47.8527856,16.8234225
47.8532032,16.8237869
48.209416,16.3789499
47.6024067,16.0543633
48.277738,16.4909482
48.1458161,16.3486643
48.2429766,16.4881123
48.2407155,16.3435536
48.0699315,16.5814815
48.0734019,16.5771095
46.9766466,16.2682253
46.975277,16.2668878
48.1961082,16.3111297
48.1947714,16.3152654
48.1955058,16.3237789
48.1965019,16.3030106
48.3321149,16.0782141
48.3337808,16.0782864
48.3566693,16.4633294
48.1663253,16.3464196
48.1641452,16.4310882
48.2072188,16.3786203
48.3069666,16.3365208
48.261424,16.4016139
48.2497304,16.4367392
48.1794495,16.3924142
48.178751,16.3911649
48.2083302,16.3531954
48.0133848,16.928268
48.1856452,16.3746093
48.2291404,16.3915892
48.1923905,16.3415303
48.2140658,16.3022633
48.2080067,16.3496203
48.2094471,16.3408465
48.1360981,17.0071502
47.7431251,16.2390824
48.2435307,16.4886038
47.7345842,16.2547452
48.1988137,16.2940579
48.1464383,16.3492082
48.1445785,16.3481722
48.2315959,16.5107661
48.2258715,16.361632
48.212516,16.3765235
48.2138775,16.3747335
48.1951893,16.3482272
48.194613,16.348762
48.1979105,16.352364
48.1981734,16.3618577
48.1527267,16.3868886
48.185528,16.4175067
48.227389,16.3362221
48.4343741,16.2734334
48.4343568,16.2730223
48.4163996,16.6399158
48.2569016,16.4508265
48.2073709,16.3379837
48.1897153,16.3869995
48.2300883,16.5101318
48.2265763,16.334943
48.2273328,16.3390928
47.8293509,16.9204369
47.8458686,16.5197599
48.221425,16.3374584
48.1488796,16.3133058
48.1398577,16.314907
48.1286365,16.312888
48.1259924,16.3100702
48.1439814,16.3445116
48.6455713,16.4540255
48.1178794,16.5683136
48.1422672,16.2964855
48.143176,16.3002351
48.1430627,16.2999956
48.1426699,16.300061
48.142019,16.2999851
48.1416313,16.3000119
48.1430007,16.3006811
48.1425324,16.3007614
48.1420996,16.3006501
48.1469978,16.349702
48.1469564,16.3500963
48.1466319,16.3508284
48.1465546,16.3499639
48.145853,16.3504468
48.1456187,16.3494292
48.1453793,16.3501636
48.1449446,16.3491361
48.1448386,16.3498388
48.144202,16.3494628
48.1450442,16.3484441
48.1442521,16.3477638
48.1442934,16.3486744
48.1438827,16.3477879
48.1437423,16.3483448
48.1435419,16.3490656
48.1434396,16.3476549
48.1428958,16.3482647
48.1629723,16.2980187
48.1628088,16.2971609
48.1626577,16.296488
48.161777,16.2976441
48.1621456,16.2979924
48.1619984,16.2986229
48.1627482,16.2990785
48.185853,16.3698795
48.1057338,16.4355315
48.2847935,16.5411923
48.3938601,16.8379842
47.5526914,16.0908971
48.2391552,16.3530392
48.1873332,16.386179
48.2424559,16.486276
48.2004025,16.4375341
48.1694326,16.4216315
48.1834975,16.3744036
48.1849531,16.3849037
48.2110231,16.4225287
48.0245808,16.199405
48.5414894,16.7580443
48.1779617,16.4133423
48.1809249,16.4100471
48.1821324,16.4087681
48.175463,16.4185715
48.1768801,16.4137999
47.8400524,16.4533475
48.2323098,16.4096332
48.4666969,16.7439048
48.3471327,16.2107603
48.5852415,16.4291199
47.5292624,16.4768895
48.2217477,16.3873769
48.2252778,16.3904513
48.2415389,16.4858057
47.8013347,16.6791114
48.0812349,16.2157496
48.2369114,16.4046499
46.937324,16.141499
48.2158205,16.3597248
48.0076239,16.2343856
48.2414126,16.3844226
48.2416224,16.3840118
48.2168343,16.3147305
47.7954441,16.9125302
48.2665008,16.4479604
48.254375,16.445661
48.2531812,16.442715
48.1988666,16.2827345
48.1987578,16.2838735
48.1951016,16.2854752
48.1091145,16.7796325
48.1110425,16.3858629
47.4893854,16.474181
47.9491088,16.1039853
47.7440627,16.3905902
48.1737578,16.2759543
48.1772294,16.4912196
48.1872527,16.2841425
48.2030079,16.5506747
48.231419,16.3737924
48.1897025,16.360834
48.1897431,16.3545019
47.9668842,16.2103614
48.6655267,16.6107634
48.437356,16.7915657
48.3243837,16.1725979
47.7812696,16.5424691
48.1783346,16.2839561
48.1779309,16.2934961
48.2356471,16.3264395
48.233226,16.3248326
48.212902,16.3258985
48.1685877,16.2951014
48.1770522,16.3851867
48.3555058,16.3292928
47.8727212,16.1941709
48.3436072,16.3337488
48.0816275,16.1097017
47.0608104,16.3296975
48.231472,16.3182471
48.2320802,16.315123
48.2237361,16.3460255
48.0731235,16.4327216
48.3545878,16.33209
48.2370836,16.3192945
48.2283759,16.334411
48.236539,16.3172204
48.2020296,16.3384836
47.7355813,16.3862337
47.7355533,16.3870889
48.0574449,16.1311806
47.9680708,16.4056071
48.1857703,16.3159854
47.7630923,16.9885272
48.1646032,16.429994
48.1671155,16.3898605
48.1858371,16.3160556
48.3833422,16.38849
48.1707965,16.3711539
47.177854,16.099918
48.173327,16.3717185
48.0224725,16.2673439
48.1985068,16.3305157
47.9664655,16.2109713
48.2531936,16.1680545
48.2528727,16.1692288
48.2534331,16.1678354
48.2530902,16.1684042
48.1706433,16.3266975
48.054582,16.548799
48.054582,16.548799
48.1899263,16.3737431
48.3303096,16.3600867
48.1977402,16.3646959
48.1742544,16.3005129
48.195528,16.3403472
48.1545088,16.4661372
48.1956505,16.3374665
48.0573325,16.5464257
47.172969,16.1046778
47.4447909,16.0654588
47.1253871,16.0460808
47.0128053,16.1010457
47.1237852,16.0475418
47.1241176,16.0468003
47.1244057,16.0468362
47.1248568,16.0474912
47.2231116,16.0498067
47.2231113,16.0497816
47.1986608,16.0273719
47.5036101,16.0278766
47.1445791,16.044
47.3881053,16.007664
46.9998483,16.0840636
47.4509656,16.0524232
47.1495584,16.0249999
47.2797925,16.0267091
47.0488332,16.0756063
47.0140605,16.1011963
47.0143586,16.1021164
47.2741047,16.0425592
47.4416752,16.0577315
46.9358834,16.0103934
47.0470646,16.0903117
47.0506008,16.0765901
47.0513654,16.0746802
47.0217133,16.0984248
47.051321,16.0763178
47.1158773,16.0552766
47.1154971,16.0523698
47.2262521,16.0283842
46.9781248,16.0575975
48.2718457,16.3396995
48.2795344,16.3528285
48.2519747,16.3829944
48.1867657,16.5113357
48.188638,16.4364822
48.2052525,16.4155754
48.2102545,16.4059863
48.2049025,16.405843
48.2165482,16.3938697
48.2233797,16.3672695
48.26409,16.3209603
48.2779867,16.3456706
48.1596375,16.2558392
48.1708703,16.3208307
48.1883144,16.3433432
48.245197,16.2690005
48.2052107,16.3372634
48.2639275,16.3670063
48.2048653,16.4083765
48.1908794,16.3755882
48.1368803,16.3973737
48.2271667,16.3667038
48.2555351,16.372952
48.2263325,16.3964952
48.2731454,16.2977321
48.2331684,16.2292804
48.2219461,16.3082175
48.2977722,16.347205
48.2073035,16.360346
48.1740494,16.377601
48.2098291,16.3582018
48.2093179,16.3586604
48.2677907,16.3754041
48.2342599,16.3299423
48.2158837,16.3076715
48.2225396,16.4170445
48.2432936,16.3909886
48.2498632,16.3865662
48.1650027,16.3274825
48.2212822,16.2657978
48.2098557,16.3357191
48.2087688,16.3334272
48.2266788,16.3710215
48.2242831,16.3744754
48.223323,16.3772161
48.2254232,16.376698
48.1985715,16.3764424
48.2127192,16.3995575
48.2145261,16.526119
48.1532863,16.3564347
48.3027691,16.3608772
48.1533364,16.2225405
48.1649042,16.3265482
48.1664617,16.3259687
48.1736249,16.3427594
48.1734902,16.3439543
48.1878408,16.3628015
48.2141423,16.4766607
48.2213228,16.3342321
48.2290893,16.3043153
48.2120534,16.3123314
48.187732,16.335173
48.1941224,16.3423783
48.1865175,16.3335733
48.2074714,16.3429704
48.1958648,16.3409664
48.2092293,16.3083961
48.2002376,16.3470818
48.2139096,16.3366159
48.2257997,16.3389972
48.1895264,16.339418
48.2099099,16.3272512
48.2236637,16.3675465
48.2255881,16.2445062
48.1758658,16.477878
48.218518,16.359366
48.2185398,16.3595523
48.1971808,16.4113226
48.2177951,16.3644263
48.2103621,16.3193106
48.1823988,16.3472776
48.2127575,16.321074
48.2187419,16.3221483
48.2138489,16.3350677
48.2186767,16.3217183
48.211268,16.3449003
48.2335141,16.4028059
48.2413183,16.393469
48.2400995,16.3945856
48.2472693,16.3896011
48.2061669,16.4058483
48.2141344,16.3647947
48.3170048,16.4230941
48.1866713,16.3370785
48.2470656,16.3814569
48.1871317,16.3474446
48.18594,16.349939
48.1688698,16.5048677
48.1723691,16.4991561
48.175748,16.4937364
48.2818433,16.3503139
48.2337225,16.2915335
48.2117683,16.3362731
48.2132991,16.3355981
48.2057917,16.2678993
48.1532946,16.3110576
48.1803023,16.3445652
48.2432741,16.3578764
48.2086862,16.5185233
48.2019969,16.3513169
48.2022326,16.3523034
48.2063154,16.3498149
48.297841,16.3852328
48.1456229,16.404157
48.1784481,16.375363
48.2109595,16.3724632
48.2055159,16.4483955
48.211821,16.43881
48.25257,16.395042
48.2720535,16.4479181
48.2717111,16.4490554
48.2617737,16.444994
48.2692559,16.44879
48.2043396,16.2193013
48.204414,16.2359721
48.1961789,16.3034611
48.2060956,16.3546685
48.2064114,16.3554126
48.3027108,16.3838508
48.2041371,16.3154094
48.1811993,16.3348881
48.1955381,16.2611032
48.1800994,16.2894623
48.1802304,16.2898871
48.2028486,16.2486439
48.2072101,16.2555528
48.1672464,16.3008003
48.187619,16.2571354
48.204567,16.3464488
48.2001282,16.3134971
48.1894348,16.286409
48.1937217,16.3633657
48.1877479,16.3593133
48.1884627,16.3565009
48.2472495,16.3883163
48.2256483,16.5089135
48.2264942,16.4896768
48.2134051,16.3274246
48.2959005,16.3417488
48.2448901,16.3387441
48.2057671,16.3341644
48.189071,16.3655227
48.2194702,16.3874125
48.1802624,16.3328698
48.2251031,16.4973665
48.2590716,16.4236049
48.1979628,16.3523597
48.2447916,16.3376467
48.2455938,16.3440534
48.2168268,16.3489071
48.2534238,16.3413666
48.2115468,16.3851711
48.1970812,16.3462158
48.1966521,16.3442479
48.224728,16.3878704
48.2159532,16.3742961
48.2270929,16.4403905
48.2305585,16.4351872
48.2243643,16.503521
48.2461975,16.4790535
48.269915,16.4380049
48.2561228,16.4098375
48.239071,16.4193027
48.2353207,16.3709768
48.2348803,16.3648331
48.2244548,16.3494484
48.2471412,16.4027663
48.2389377,16.3181903
48.2159147,16.3596472
48.1783616,16.3811705
48.1791333,16.3831218
48.1792768,16.4153069
48.180025,16.3837436
48.1804751,16.4171778
48.1813074,16.4107693
48.1814702,16.4129399
48.1818728,16.3819516
48.1819973,16.4129271
48.2235525,16.3906992
48.2012772,16.2620341
48.2534228,16.4062661
48.2345837,16.3375859
48.1934669,16.34209
48.2032947,16.3198107
48.2966973,16.3730702
48.1971581,16.3602241
48.1481564,16.2920199
48.2521664,16.4335131
48.1508274,16.4014991
48.1455942,16.4067848
48.2563624,16.389918
48.145346,16.4019655
48.1467638,16.4014841
48.2114605,16.3583601
48.2030202,16.3593587
48.2426346,16.3416352
48.2392517,16.4091039
48.1992164,16.3449107
48.2037561,16.3543028
48.1981312,16.350315
48.2020655,16.3607447
48.2013196,16.3600393
48.2751106,16.3360207
48.275192,16.3366065
48.2568659,16.4979499
48.1503356,16.3170706
48.2135757,16.3328192
48.2636551,16.4185325
48.216419,16.3292752
48.1778622,16.3005523
48.2235215,16.3368804
48.2188751,16.3342933
48.1606058,16.3217043
48.1675067,16.416328
48.1679257,16.4167525
48.170485,16.4148829
48.1712153,16.4141847
48.2595992,16.3622193
48.2293619,16.4223415
48.1941147,16.3189246
48.3049076,16.4615728
48.1988996,16.3473453
48.2005729,16.3457281
48.2088391,16.3453528
48.2480595,16.4131945
48.2076246,16.4381058
48.198427,16.305891
48.182745,16.3816276
48.1659907,16.2575484
48.1757543,16.4136471
48.2249189,16.4138894
48.1899336,16.3488292
48.2307451,16.4575457
48.2613124,16.4023206
48.1722117,16.3592393
48.2122861,16.3138171
48.2120582,16.3152788
48.2384224,16.5044319
48.2863808,16.4520391
48.1747011,16.3685483
48.2345257,16.4682873
48.18856,16.3852748
48.2132588,16.3849389
48.2641501,16.4193369
48.2765746,16.4057123
48.2260589,16.4181236
48.2081242,16.3727128
48.2108922,16.357265
48.1959881,16.4038357
48.1684835,16.3099344
48.2013815,16.3384609
48.1945141,16.3344711
48.1913778,16.3237751
48.196292,16.3420746
48.1893801,16.3332585
48.1994733,16.3493977
48.193127,16.3371642
48.189376,16.3327777
48.1902262,16.3322801
48.2052189,16.3710709
48.208933,16.3732187
48.2097055,16.3736069
48.1928818,16.3383559
48.2538721,16.3606733
48.2457149,16.3415734
48.1979835,16.3309257
48.190165,16.3717971
48.2319002,16.376612
48.2063834,16.3151689
48.1495505,16.2927144
48.2468439,16.3755477
48.2881924,16.4318303
48.1620374,16.3041906
48.1475572,16.3005299
48.2630936,16.3223257
48.2701987,16.4548733
48.1717403,16.3941502
48.1911141,16.3712245
48.2141073,16.330548
48.1915257,16.3839281
48.2772111,16.3543465
48.2032478,16.3090652
48.1932545,16.3834453
48.2538422,16.4048031
48.2323063,16.4096295
48.2496308,16.3945968
48.1613128,16.2690922
48.2378735,16.4398036
48.2197511,16.4212155
48.1806667,16.3488326
48.1821445,16.3313304
48.1817115,16.3469005
48.1508944,16.3989791
48.2261068,16.3541797
48.2270726,16.3579558
48.2470563,16.4320361
48.2057665,16.4332953
48.181884,16.3458713
48.1868979,16.3714089
48.2177354,16.3390645
48.2486209,16.3748697
48.2270374,16.4204363
48.1932546,16.3751707
48.1930331,16.3678497
48.2331645,16.5451359
48.2132579,16.3383345
48.2063038,16.2790418
48.1737312,16.3417363
48.1728289,16.3415084
48.1726542,16.3407002
48.1725583,16.3399227
48.1868725,16.3872369
48.186603,16.3867877
48.1739095,16.3338019
48.1735029,16.332461
48.173513,16.3382991
48.1729907,16.3327377
48.1734866,16.3373064
48.1738569,16.3350659
48.1731227,16.3342829
48.1733035,16.3419607
48.1739486,16.3387007
48.2578883,16.3997061
48.1732431,16.3352688
48.1731196,16.3360424
48.1739406,16.3373657
48.1976529,16.3254085
48.2196489,16.4003748
48.1942802,16.4507047
48.2080109,16.4300785
48.2150546,16.4203461
48.2162949,16.4168727
48.2168123,16.405189
48.2147889,16.4146391
48.215208,16.4133254
48.2098925,16.4209714
48.1992197,16.4173005
48.2338893,16.3870443
48.2189413,16.3940729
48.2058601,16.4021265
48.218152,16.2497892
48.190318,16.3566488
48.1938519,16.3563227
48.2178043,16.3910306
48.2549514,16.4502319
48.2411106,16.4391897
48.2086783,16.3287172
48.2057513,16.3704963
48.2420664,16.3603193
48.2059988,16.4764228
48.2106229,16.4556507
48.1500739,16.3330367
48.1670896,16.3846704
48.1512704,16.2698796
48.2006655,16.3584397
48.2064148,16.3829343
48.1996917,16.3536006
48.2022653,16.3546008
48.2037068,16.3557263
48.1788346,16.3378627
48.3027245,16.3614726
48.1982944,16.3850096
48.2491994,16.364744
48.2564962,16.4411897
48.246103,16.3156799
48.2315655,16.3286755
48.2294138,16.4079351
48.1812995,16.3552789
48.1879431,16.3049783
48.220628,16.4551972
48.1916756,16.358279
48.1789035,16.3346709
48.1787597,16.3352949
48.1909863,16.3498526
48.2549564,16.3998181
48.2264592,16.3693424
48.2187449,16.3954035
48.2264569,16.4031717
48.2276873,16.374738
48.2571641,16.3884702
48.2466506,16.3724414
48.2200918,16.4108154
48.1920949,16.3831845
48.1450059,16.3934908
48.1995381,16.350965
48.2729524,16.3936677
48.2552622,16.4009789
48.2075213,16.3429185
48.2070861,16.3445519
48.2293451,16.3931157
48.2303859,16.3892522
48.2328443,16.3924128
48.196503,16.2680612
48.2490415,16.3998297
48.205895,16.4423841
48.2086402,16.3757285
48.2344524,16.3299114
48.2474108,16.4319877
48.2358191,16.3394552
48.2257052,16.459266
48.2532429,16.4188422
48.2294389,16.3029928
48.2149194,16.3485491
48.2412461,16.4418337
48.2676955,16.3964322
48.2095872,16.3505018
48.2131844,16.307914
48.1575306,16.2960489
48.1569439,16.2955253
48.1581763,16.2952221
48.228711,16.3711914
48.2015788,16.3388978
48.2040578,16.3324019
48.2329769,16.3279326
48.1952364,16.3631959
48.2174798,16.3408312
48.2572588,16.3388826
48.2106258,16.3487272
48.2098682,16.3296996
48.2016735,16.3431421
48.2131296,16.4011081
48.2220161,16.3384617
48.1957033,16.4583705
48.1881189,16.3530703
48.1829495,16.35098
48.1661636,16.4006349
48.1861376,16.3506282
48.2341516,16.4077555
48.1890681,16.3484637
48.2062242,16.3345185
48.1991464,16.3127101
48.1885966,16.3195647
48.1719244,16.3982506
48.1714832,16.3968745
48.1701388,16.4011429
48.1718951,16.3991192
48.2081106,16.3664713
48.1979379,16.3208043
48.1993387,16.4062325
48.1967023,16.4094931
48.2291227,16.3690489
48.1910633,16.3536833
48.1841034,16.3614031
48.1930969,16.3583827
48.1844786,16.3346939
48.1910215,16.3554929
48.2554171,16.4985853
48.2340879,16.368391
48.1939206,16.3519745
48.1753535,16.3681485
48.2151619,16.3332773
48.2161809,16.3364361
48.2164466,16.3332067
48.21541,16.3300053
48.2451149,16.3976492
48.2164204,16.3872217
48.2145056,16.3846578
48.1971529,16.3656104
48.2055731,16.3854949
48.206155,16.3840317
48.2100531,16.3800371
48.2573631,16.3972268
48.1992963,16.3647715
48.2203584,16.3825557
48.2145292,16.3872815
48.2144487,16.3260286
48.2158607,16.325373
48.2210451,16.3223765
48.1997007,16.3282045
48.1988544,16.3254937
48.1987944,16.3238001
48.2027218,16.3113814
48.2278225,16.3888411
48.2066965,16.3146774
48.2007525,16.3169862
48.1991101,16.3168007
48.1991742,16.3071918
48.2010376,16.3072732
48.2012847,16.3075562
48.1997962,16.3041046
48.2007031,16.3064522
48.2114979,16.3197306
48.2120043,16.3162979
48.2116519,16.3180447
48.2114762,16.3190911
48.2111802,16.3211613
48.210918,16.3228518
48.2106486,16.3241314
48.2094998,16.3328573
48.2090913,16.3347825
48.2089522,16.3353433
48.2090812,16.3355702
48.2092922,16.3335329
48.2111526,16.3351523
48.2119112,16.3299161
48.2116238,16.3260867
48.2129317,16.3307306
48.2128648,16.3337698
48.2136429,16.3351516
48.1995556,16.3999837
48.2447016,16.3258586
48.2131664,16.3088229
48.2127633,16.30935
48.2127037,16.3096836
48.2094876,16.3076996
48.2158291,16.3075177
48.2144008,16.3179752
48.2118944,16.3118093
48.2141375,16.3149897
48.2141448,16.3159829
48.2156202,16.3125791
48.2132923,16.3168149
48.2150062,16.3375621
48.2151087,16.3282755
48.2159464,16.3393895
48.217355,16.3404121
48.2184267,16.3135794
48.2215489,16.3090621
48.2024536,16.3889217
48.2260204,16.4912157
48.2417765,16.4870739
48.2096144,16.3787402
48.207849,16.3949004
48.1949633,16.3365452
48.1952892,16.3329571
48.1955929,16.3361962
48.1983269,16.3059747
48.1979765,16.3061598
48.1921444,16.3414569
48.1927086,16.3403948
48.2270291,16.5003879
48.2894982,16.3917211
48.196485,16.3632811
48.1945197,16.3652591
48.2140759,16.3023915
48.2090851,16.3436142
48.2120491,16.3453207
48.1825434,16.3055069
48.1825147,16.3053429
48.1958425,16.3549295
48.1964034,16.3561872
48.2010866,16.3144638
48.1614954,16.3245105
48.1944787,16.3733637
48.1941533,16.3524107
48.1924466,16.3470678
48.1962265,16.3025901
48.199245,16.3273181
48.2314614,16.4055153
48.2296391,16.4083324
48.2292518,16.4090932
48.1938091,16.3670448
48.2256932,16.3610885
48.1630242,16.3291225
48.2133357,16.5222534
48.1937869,16.2741454
48.1734302,16.3306607
48.197825,16.3177453
48.1984601,16.3080842
48.1978781,16.3154143
48.1983146,16.3102485
48.1980137,16.3134977
48.2014658,16.3359063
48.2279578,16.5095149
48.2278996,16.5099852
48.2131864,16.3830288
48.1950738,16.33771
48.1937221,16.3343395
48.192303,16.3330741
48.1945425,16.3360862
48.1822019,16.3727469
48.2214412,16.3509069
48.226687,16.3618056
48.1633896,16.3260162
48.2428947,16.4340928
48.148045,16.3131222
48.1480934,16.3090225
48.1595184,16.358328
48.1533752,16.3516368
48.1533911,16.3522411
48.2215789,16.4279138
48.2283051,16.3231249
48.2276479,16.4193942
48.154416,16.2735504
48.1542273,16.2728775
48.1539636,16.2727693
48.1541405,16.2742469
48.1543049,16.2752107
48.1542408,16.2754934
48.1537914,16.2759256
48.1537456,16.275079
48.1533673,16.2757799
48.1529267,16.2759291
48.1531126,16.2749407
48.1533673,16.274611
48.1535698,16.2739794
48.153995,16.2735403
48.1612569,16.2966023
48.1608198,16.2973206
48.1609624,16.298594
48.1603376,16.2989486
48.1600999,16.2999348
48.1599295,16.3016843
48.1608082,16.300809
48.1608161,16.296103
48.1605907,16.2952941
48.1602734,16.2957439
48.1601132,16.2947282
48.1596536,16.2954285
48.1599368,16.2962733
48.1594657,16.2972327
48.1599078,16.2975779
48.1590307,16.2996391
48.1593962,16.2986794
48.1595042,16.2978702
48.1636618,16.2990647
48.1632804,16.3003943
48.1632016,16.3014711
48.1627719,16.30014
48.1626719,16.3012868
48.162616,16.3019792
48.1619699,16.3023206
48.1612393,16.3028739
48.1613974,16.3018808
48.1614852,16.30115
48.1621757,16.3000345
48.1621579,16.2992328
48.1635446,16.2981364
48.2056012,16.2152473
48.1885244,16.3865079
48.2283023,16.3931054
48.1972395,16.3600335
48.2302484,16.3479685
48.2568554,16.4207976
48.2428591,16.4120165
48.2244938,16.3391807
48.1997107,16.2686958
48.2087014,16.4596423
48.242958,16.2919957
48.1805784,16.3146497
48.2343079,16.4140481
48.1812641,16.3784503
48.2086304,16.307944
48.2082163,16.365734
48.2207137,16.3183757
48.1866016,16.3441768
48.1864255,16.3458136
48.2479487,16.4134403
48.2440362,16.3912817
48.2102702,16.4471079
48.211097,16.4474639
48.1985241,16.3289728
48.2144005,16.2850906
48.2199924,16.2841851
48.1857037,16.2877056
48.2488427,16.3781311
48.2311866,16.4172393
48.1993561,16.3708234
48.1979021,16.3403143
48.185775,16.2829384
48.297764,16.3504347
48.168424,16.2821445
48.1657294,16.2810283
48.2081585,16.3670458
48.2324502,16.3500113
48.2264281,16.3583035
48.203624,16.3200084
48.2009209,16.3212621
48.2032904,16.3200213
48.2238039,16.3537038
48.2375799,16.3316235
48.2680831,16.4542751
48.2243311,16.3785501
48.1987251,16.3066581
48.2179748,16.3160223
48.1909238,16.4137289
48.2365437,16.3374197
48.2374219,16.3349014
48.23727,16.3349171
48.202836,16.3624183
48.2323754,16.3901249
48.199995,16.3497668
48.1636123,16.4278771
48.166508,16.3039557
48.1591977,16.4094735
48.1840807,16.4055479
48.2402823,16.4749714
48.2330772,16.4090852
48.236431,16.353617
48.2314641,16.3181584
47.7617676,16.7998811
47.9584318,16.8353272
47.7185115,16.4868276
48.5527153,16.1040144
48.1039403,16.2981689
48.1105187,16.2820161
48.0350452,16.3841471
48.0867138,16.2877667
47.8994599,16.1620028
48.3363661,16.2992847
48.0616437,16.2680462
48.0765796,16.2803471
48.0136615,16.2701314
48.5643079,16.3809583
48.13043,16.3126202
48.1216004,16.0706127
48.1402688,16.3152195
48.0545379,16.2158691
47.9666398,16.1620859
48.071292,16.281371
48.083519,16.184933
47.8700909,16.0432978
47.5142051,16.0334364
47.8123918,16.2347255
47.9447106,16.3726069
48.0250205,16.2588953
48.111918,16.1708076
48.1133371,16.1916156
48.1214853,16.1993557
48.0957337,16.174254
47.7472023,16.1881586
48.3067992,16.3338636
48.137776,16.9087122
48.0816574,16.2980914
47.876876,16.0180488
48.0806513,16.223189
48.138966,16.4716845
47.9654757,16.2148236
48.1625477,16.1839864
48.085897,16.2479096
48.4639224,16.4466731
47.8557962,16.1027548
48.3806957,16.3551116
48.0766785,16.3135131
48.3113005,16.2514863
48.3323849,16.0735153
47.946038,16.2648216
48.0874578,16.3202622
48.0648602,16.7800984
48.1451762,16.923186
48.1369819,16.2361092
48.299997,16.3322156
48.3335042,16.0641206
48.4505468,16.4951996
48.3821568,16.3484952
48.3595069,16.5655338
48.6126328,16.344703
48.2984344,16.5620043
48.5124328,16.8830327
48.1598684,16.4851808
47.9295605,16.3051585
48.1444265,16.7016992
48.5686923,16.8623921
48.3509628,16.4111239
48.412229,16.409166
48.0911694,16.7301131
48.1304908,16.2936575
48.1309762,16.2936805
48.1311981,16.294069
48.1316068,16.2937592
48.1321721,16.2938993
48.1325109,16.294267
48.1328341,16.2943728
48.1069025,16.2904755
48.1069024,16.2904986
48.1069251,16.2911302
48.1069251,16.291112
48.1069936,16.2919995
48.1072379,16.2911144
48.1343453,16.268832
48.134095,16.2693794
48.1343624,16.2695564
48.1342831,16.2700274
48.1342781,16.270792
48.1393402,16.2779005
48.6959239,16.6756031
48.6965147,16.674474
47.6837377,16.0060675
48.0750756,16.8944122
48.0251641,16.6462086
48.3378639,16.3227054
48.3385815,16.3492226
48.0297197,16.4807705
48.5940927,16.6048995
48.0515326,16.5132203
47.7010759,16.0227339
48.3330727,16.0498953
47.83506,16.1005806
48.329939,16.0362385
48.2269458,16.1541774
47.7159035,16.0387737
48.5808454,16.1955271
48.5603337,16.0925487
48.5473901,16.0824173
48.5577902,16.0772654
48.5640033,16.0792328
48.1203177,16.560139
48.1185019,16.5607391
47.8654185,16.1691373
48.0817456,16.608916
47.5248642,16.0457322
48.1430052,16.3015655
48.1397663,16.2573233
48.1399117,16.2568077
48.1397117,16.2561383
48.1400316,16.2562542
48.1265188,16.3111082
48.1263829,16.3122395
48.1262753,16.312671
48.1415384,16.3142295
48.1412489,16.3144452
48.2523061,16.1685048
48.2527602,16.1692877
46.5216418,16.2820051
46.5620813,16.455864
46.5751072,16.3900031
46.8105204,16.0252373
46.8520888,16.1286667
46.8344593,16.0409864
46.8276897,16.3255832
46.6471166,16.1946207
46.6621849,16.1639056
46.6628923,16.1601499
46.6485066,16.0361062
46.650444,16.0451679
46.6497249,16.0507196
46.810574,16.3166208
46.8191964,16.2369454
46.7238533,16.3368716
46.5626811,16.4552477
46.5167714,16.1534676
46.6787908,16.0493424
46.574468,16.3438713
46.574194,16.3447428
46.5648476,16.4514291
46.5643693,16.4521121
46.6715088,16.3334069
46.3694246,16.0204821
46.6367762,16.1701074
46.6377831,16.1666024
46.3963671,16.2587105
46.4082051,16.0125316
46.4064039,16.0171301
46.7799477,16.1395638
45.6038253,17.2674029
46.1325404,16.4633498
46.1703033,16.1318574
45.8201246,16.0154248
45.8001086,18.806024
46.1726438,16.5663376
46.1860226,16.1136654
46.1967761,16.1222349
46.1664041,16.495999
45.8276159,18.7666608
45.7818658,18.8942208
46.1734814,16.5364114
46.17329,16.14688
46.1613625,16.1677709
46.16498,16.16253
46.20846,16.13633
45.8228478,16.0235258
45.8246905,16.0266282
46.3078749,16.3365561
46.19953,16.12955
46.19983,16.12871
46.1869,16.0764
46.3092602,16.3362621
45.8437875,18.7868948
45.9441409,16.1022814
46.1496267,16.5641023
45.9072459,16.0324015
45.9184182,16.036096
46.199549,16.3648326
46.1709098,16.2415095
46.3898932,16.4377578
46.3900014,16.4352745
45.9792744,16.1042562
45.9833308,16.1130111
45.9373819,16.052575
45.8154175,16.1021203
46.5236765,16.3311044
45.6226023,18.6836164
46.2204349,16.1167617
46.2506124,16.6231232
46.2504573,16.6235171
46.2498661,16.6225174
46.2497021,16.6228752
46.0565828,16.1653076
46.0557841,16.1670151
46.1964436,16.0596166
45.6392956,16.759674
45.7155742,16.0682753
45.8250258,16.021505
46.2035568,16.1101849
46.2004192,16.1228623
46.194377,16.0389501
46.1498216,16.350053
45.8026852,16.0074206
45.8317704,16.1067463
46.0016313,17.210723
46.1857343,16.4360855
46.2179843,16.5204162
45.6015254,17.4050519
45.7579911,16.0201974
45.6250165,16.7490555
45.8297105,16.0276893
45.6488026,17.9444315
45.9351869,16.0286546
45.906843,16.00845
46.1227361,16.2875502
45.8830329,16.930955
45.6135933,16.5974728
45.6859687,16.2383383
46.4760236,16.3580181
45.9556407,16.8898778
45.8987831,16.8419862
46.1285163,16.3293759
46.3719502,16.5191983
46.3716461,16.5194196
46.3723366,16.5189208
46.3720155,16.5199474
46.0912378,16.6768038
45.9899286,16.942038
45.9893092,16.9199452
45.7951815,17.3214319
46.0960077,16.5859133
45.714425,17.4460761
45.8086201,17.2773522
45.7986221,17.0682792
46.0981746,17.125678
46.4499363,16.3585793
46.336967,16.6150152
46.1613148,16.8299924
45.7428502,17.8540462
45.6470323,17.44556
45.6478811,17.44655
45.885186,16.4167149
45.9053844,16.2628377
45.7923909,16.1545419
45.6815191,17.4722366
45.6680746,17.4708251
45.649578,17.4673901
46.4459843,16.4057973
46.1735757,16.7346303
45.7874367,16.0154434
45.6026488,17.3936872
45.7426824,18.7252533
46.021793,16.5466337
46.2089358,16.4207188
45.8089312,16.0100549
46.1012151,16.8604083
45.830406,16.0787327
45.7992742,16.0036953
45.8108512,16.0072612
45.8449808,16.0387881
45.6255389,17.2883977
46.0336771,16.9480625
45.7159956,17.2573858
46.5254325,16.3627471
45.7425191,18.7270031
45.8873386,18.6876125
45.8531591,17.5127768
45.8220416,17.1479429
45.8200988,17.1573068
46.3488719,16.1192871
46.027914,16.5405712
46.0691148,16.8286803
46.0691471,16.9956435
45.860033,16.0236961
45.8435659,16.039979
45.82318,16.024154
45.7837312,16.0002941
45.8234137,16.0150141
45.8135288,16.0144976
45.876441,16.0143558
45.7647184,16.0001604
45.7919107,16.052354
45.818669,16.0055248
45.7854951,16.0472442
45.8020496,16.0151547
45.8090676,16.041412
45.8446747,16.042516
45.6132153,16.756721
45.8944311,16.8441817
45.8599012,16.989215
46.0384476,16.7606644
45.7657635,17.2606572
45.7227996,17.2210154
45.6447666,17.4473252
45.7786107,17.0493457
46.3726074,16.1278563
46.3726569,16.5198442
47.49825277777778,19.070061111111112
